time,x,y
1,3596.8,3
2,3608.29,3
3,3595.82,3
4,3563.51,3
5,3592.73,3
6,3574.8,3
7,3560.1,3
8,3576.18,3
9,3612.55,3
10,3626.97,3
11,3671.8,2
12,3660.19,2
13,3676.38,2
14,3695.6,2
15,3693.36,2
16,3675.72,2
17,3697.42,2
18,3706.79,0
19,3662.3,1
20,3638.44,1
21,3665.02,1
22,3638.21,1
23,3607.57,3
24,3610.31,3
25,3624.72,3
26,3663.73,3
27,3668.45,3
28,3677.85,3
29,3681.56,3
30,3649.34,3
31,3703.82,2
32,3709.02,2
33,3759.32,0
34,3733.28,1
35,3731.15,1
36,3683.44,3
37,3702.63,3
38,3714.49,2
39,3725.44,2
40,3748.87,2
41,3785.36,0
42,3758.51,0
43,3776.94,0
44,3761.11,0
45,3781.38,0
46,3737.03,0
47,3758.09,0
48,3646.43,0
49,3661.78,0
50,3573.84,3
51,3588.04,2
52,3656.04,0
53,3589.98,0
54,3613.28,0
55,3539.22,1
56,3539.91,1
57,3518.45,3
58,3570.4,3
59,3592.39,3
60,3634.18,3
61,3620.1,3
62,3625.23,3
63,3669.98,3
64,3739.91,2
65,3781.2,2
66,3746.11,2
67,3734.56,3
68,3740.11,2
69,3774.69,2
70,3731.43,3
71,3722.76,3
72,3751.59,2
73,3743.43,2
74,3773.43,2
75,3743.15,2
76,3785.55,2
77,3811.43,0
78,3785.55,0
79,3782.09,0
80,3722.59,0
81,3689.39,0
82,3674.28,0
83,3705.48,0
84,3700.79,0
85,3729.38,0
86,3655.14,0
87,3653.18,0
88,3553.35,1
89,3606.41,1
90,3564.34,1
91,3614.24,1
92,3603.26,1
93,3553.02,3
94,3569.14,3
95,3643.32,3
96,3609.97,3
97,3607.02,3
98,3628.82,3
99,3610.53,3
100,3659.92,2
101,3679.37,2
102,3652.03,2
103,3624.47,3
104,3646.23,3
105,3654.37,2
106,3698.87,2
107,3722.23,2
108,3723.46,0
109,3699.29,1
110,3711.38,1
111,3647.1,3
112,3683.43,3
113,3714.5,2
114,3718.08,2
115,3740.9,2
116,3740.28,2
117,3700.32,2
118,3720.14,2
119,3755.75,2
120,3742.38,2
121,3771.58,0
122,3756.48,0
123,3732.99,0
124,3716.2,0
125,3685.06,0
126,3660.68,0
127,3660.4,0
128,3670.41,0
129,3668.48,0
130,3651.63,0
131,3656.18,0
132,3648.75,0
133,3610.55,0
134,3610.4,0
135,3592.63,1
136,3607.39,0
137,3637.47,0
138,3572.84,1
139,3567.29,1
140,3532.61,3
141,3565.1,3
142,3575.92,3
143,3643.79,2
144,3647.1,2
145,3623.79,2
146,3650.8,0
147,3607.58,0
148,3622.98,0
149,3528.64,1
150,3497.3,1
151,3533.06,1
152,3502.95,1
153,3494.23,1
154,3484.84,3
155,3516.68,3
156,3533.13,3
157,3541.48,3
158,3544.42,3
159,3538.02,3
160,3589.69,3
161,3594.38,3
162,3595.26,3
163,3629.84,3
164,3649.24,3
165,3636.71,3
166,3594.28,3
167,3613.23,3
168,3633.38,3
169,3665.94,2
170,3682.14,2
171,3677.55,2
172,3652.02,3
173,3677.61,2
174,3725.4,2
175,3708.03,2
176,3691.85,2
177,3691.68,2
178,3726.22,2
179,3703.69,2
180,3731.14,0
181,3692.11,1
182,3653.1,1
183,3673.51,1
184,3656.93,1
185,3667.47,1
186,3682.67,1
187,3640.61,3
188,3730.16,2
189,3767.06,2
190,3770.24,0
191,3764.59,0
192,3758.7,0
193,3737.87,0
194,3727.64,0
195,3688.73,0
196,3694.32,0
197,3664.95,1
198,3670.76,1
199,3659.81,1
200,3700.56,0
201,3665.68,1
202,3687.53,0
203,3687.17,0
204,3609.06,3
205,3619.48,3
206,3678.39,3
207,3721.82,3
208,3706.82,3
209,3734.07,3
210,3765.84,3
211,3769.93,2
212,3762.45,3
213,3780.99,2
214,3776.99,2
215,3769.94,2
216,3784.91,2
217,3833.79,2
218,3835.11,2
219,3820.97,2
220,3794.27,2
221,3844.14,0
222,3830.39,0
223,3798.78,1
224,3774.25,1
225,3780.09,1
226,3760.7,1
227,3782.2,1
228,3780.61,1
229,3753.75,1
230,3796.71,1
231,3811.45,1
232,3783.51,1
233,3767.39,1
234,3787.45,1
235,3775.04,1
236,3747.46,1
237,3768.42,1
238,3805.94,1
239,3814.39,1
240,3802.99,1
241,3810.67,1
242,3744.92,3
243,3764.04,3
244,3770.03,3
245,3806.15,3
246,3819.68,3
247,3817.69,3
248,3824.83,3
249,3827.16,3
250,3827.95,3
251,3821.16,3
252,3855.68,3
253,3863.3,3
254,3829.36,3
255,3856.48,3
256,3877.96,3
257,3877.82,3
258,3848.99,3
259,3816.14,3
260,3834.11,3
261,3854.6,3
262,3875.02,3
263,3869.01,3
264,3842.44,3
265,3854.19,3
266,3848.71,3
267,3882.04,3
268,3879.82,3
269,3891.4,3
270,3870.35,3
271,3913.69,3
272,3939.18,3
273,3951.72,3
274,3928.94,3
275,3958.01,3
276,3981.9,3
277,3980.77,3
278,3969.62,3
279,3970.37,3
280,4016.75,3
281,4012.11,3
282,4030.45,2
283,4009.02,3
284,4005.5,3
285,4029.02,2
286,4002.33,3
287,3977.19,3
288,3977.67,3
289,4034.57,2
290,4027.16,2
291,4054.98,2
292,4062.72,2
293,4061.35,2
294,4091.58,2
295,4108,0
296,4085.38,1
297,4066.69,1
298,4038.21,1
299,4049.18,1
300,4048.55,1
301,4077.74,1
302,4019.4,3
303,4032.07,3
304,4050.77,2
305,4033,3
306,4047.18,2
307,4032.41,3
308,4078.31,2
309,4081.65,2
310,4064.61,2
311,4067.78,2
312,4080.08,2
313,4052.32,2
314,4087.94,2
315,4106.99,2
316,4124.37,0
317,4124.29,0
318,4117.62,0
319,4096.81,0
320,4116.85,0
321,4111.11,0
322,4032.28,0
323,3949.59,1
324,3962.39,1
325,3950.02,1
326,3951.02,1
327,3980.18,1
328,3993.07,0
329,3993.04,0
330,3927.68,1
331,3911.45,3
332,3911.71,3
333,3938.77,3
334,3955.93,3
335,3987.63,3
336,4019.35,3
337,4033.46,3
338,4020.19,3
339,4000.25,3
340,3979.53,3
341,4015.65,3
342,4017.89,3
343,4010.98,3
344,4006.19,3
345,4073.15,3
346,4085.98,3
347,4096.18,3
348,4118.37,3
349,4102.06,3
350,4100.27,3
351,4137.28,3
352,4131.83,3
353,4120.73,3
354,4178.25,3
355,4183.72,3
356,4162.47,3
357,4146.47,3
358,4180.74,3
359,4171.35,3
360,4153.71,3
361,4184.1,3
362,4203.49,3
363,4197.74,3
364,4184.36,3
365,4185.15,3
366,4220.91,3
367,4193.4,3
368,4222.02,3
369,4229.55,3
370,4240.18,3
371,4199.87,3
372,4157.68,3
373,4194.33,3
374,4231.88,3
375,4229.35,3
376,4269.62,3
377,4252.75,3
378,4279.95,3
379,4220.62,3
380,4300.31,3
381,4321.56,3
382,4313.78,3
383,4343.62,3
384,4370.88,3
385,4373.77,3
386,4363.47,3
387,4424.25,3
388,4418.39,3
389,4425.66,3
390,4415.52,3
391,4422.12,3
392,4420.78,3
393,4433.13,3
394,4462.26,2
395,4451.74,2
396,4456.87,2
397,4503.33,2
398,4495.48,2
399,4458.97,2
400,4421.7,3
401,4441.01,2
402,4491.69,2
403,4527.11,0
404,4509.1,0
405,4476.48,0
406,4466.58,0
407,4444.57,0
408,4439.63,0
409,4430.07,0
410,4487.9,0
411,4485.94,0
412,4436.56,0
413,4424.43,1
414,4378.51,1
415,4342.7,3
416,4361.27,3
417,4356.66,3
418,4399.36,3
419,4424.15,3
420,4404.95,3
421,4472.55,3
422,4486.19,3
423,4465.94,3
424,4491.68,3
425,4491.82,3
426,4453.41,3
427,4470.43,3
428,4479.39,3
429,4509.49,3
430,4505.68,3
431,4531.8,3
432,4468.06,3
433,4448.15,3
434,4477.2,3
435,4566.92,2
436,4546.8,3
437,4599.63,2
438,4578.86,2
439,4600.02,2
440,4622.54,2
441,4650.24,0
442,4594.11,0
443,4536.9,0
444,4528.79,0
445,4536.22,0
446,4549.68,0
447,4515.05,0
448,4470.13,0
449,4482.13,0
450,4489.21,0
451,4461.14,0
452,4375.09,1
453,4390.66,1
454,4366.52,1
455,4421.97,0
456,4396.99,1
457,4412.7,1
458,4336.41,1
459,4326.71,3
460,4436.45,3
461,4434.75,3
462,4429.65,3
463,4502.02,3
464,4498.7,3
465,4503.65,3
466,4503.62,3
467,4480.23,3
468,4479.5,3
469,4536.49,3
470,4548.45,3
471,4543.15,3
472,4512.13,3
473,4523.18,3
474,4556.23,3
475,4586.38,3
476,4580.81,3
477,4608.65,3
478,4600.48,3
479,4575.31,3
480,4588.73,3
481,4567.41,3
482,4636.46,3
483,4662.5,3
484,4650.54,3
485,4677.2,3
486,4660.58,3
487,4669.93,3
488,4661.01,3
489,4673.13,3
490,4693.4,3
491,4674.85,3
492,4673.14,3
493,4704.41,3
494,4694.86,3
495,4703.48,3
496,4752.41,3
497,4751.96,3
498,4757.74,3
499,4769.38,3
500,4756.93,3
501,4772.93,3
502,4715.23,3
503,4776.98,3
504,4838.52,2
505,4835.09,2
506,4867.15,2
507,4875.09,2
508,4861.93,2
509,4890.49,0
510,4890.24,0
511,4850.53,0
512,4807.14,1
513,4772.09,1
514,4814.09,1
515,4773.48,1
516,4751.99,1
517,4748.32,3
518,4791,3
519,4876.52,3
520,4956.6,2
521,4936.79,2
522,4947.99,2
523,4999.39,0
524,4927.89,1
525,4937.56,1
526,4934.59,1
527,4935.4,1
528,4895.08,3
529,4955.74,3
530,4910.82,3
531,4957.36,3
532,4961.34,3
533,4934.09,3
534,4973.09,3
535,5000,2
536,4991.93,2
537,5041.6,2
538,5040.39,2
539,5073.95,2
540,5080.52,0
541,5000.45,1
542,5057.61,1
543,5009.09,1
544,4989.15,1
545,5010.72,1
546,4992.21,1
547,4969.51,3
548,5007.84,3
549,5069.27,3
550,5107.47,3
551,5117.16,3
552,5127.93,3
553,5126.01,3
554,5141.08,3
555,5138.51,3
556,5148.56,3
557,5194.78,2
558,5194.78,2
559,5218.71,2
560,5162.44,2
561,5149.99,3
562,5180.25,2
563,5240.1,2
564,5220.85,2
565,5255.26,0
566,5205.81,0
567,5221.03,0
568,5222.36,0
569,5174.96,1
570,5190.27,0
571,5112.6,1
572,5085.11,3
573,5102.62,3
574,5095.97,3
575,5158.14,3
576,5206.79,2
577,5252.38,2
578,5221.44,2
579,5235.34,2
580,5252.32,2
581,5213.55,2
582,5188.4,3
583,5241.19,2
584,5193.94,3
585,5233.7,2
586,5286.4,2
587,5282.4,2
588,5312.18,0
589,5278.27,0
590,5262.94,0
591,5150.45,0
592,5064.85,0
593,5081.69,0
594,4920.31,0
595,4908.69,1
596,4944.57,0
597,4813.5,3
598,4931.53,3
599,4870.02,3
600,4949.53,2
601,5045.09,0
602,4893.87,0
603,4930.18,0
604,4947.29,0
605,4959.7,0
606,4916.04,0
607,4797.92,0
608,4824.77,0
609,4684.34,1
610,4768.18,0
611,4723.18,0
612,4617.59,1
613,4615.44,3
614,4724.58,3
615,4694.89,3
616,4729.02,3
617,4770.42,3
618,4774.73,3
619,4803.29,3
620,4817.63,3
621,4801.49,3
622,4771.24,3
623,4774,3
624,4880.38,3
625,4965.96,2
626,4980.62,2
627,4921.3,0
628,4966.45,0
629,4953.71,0
630,4982.48,0
631,4914.39,0
632,4941.73,0
633,4852.52,0
634,4780.79,1
635,4750.08,1
636,4734.54,3
637,4846.54,3
638,4865.04,3
639,4818.55,3
640,4914.93,3
641,4933.12,3
642,4943,3
643,5001.21,3
644,5028.51,3
645,5009.42,3
646,4948.23,3
647,5026.25,3
648,4983.68,3
649,5040.95,3
650,4956.34,3
651,4967.95,3
652,5025.15,3
653,4976.64,3
654,4985.52,3
655,5046.93,3
656,5115.02,2
657,5137.31,2
658,5144.84,2
659,5135.69,2
660,5104.65,2
661,5128.33,2
662,5082.73,3
663,5112.85,2
664,5111.13,2
665,5148.52,2
666,5160.32,2
667,5182.79,2
668,5165.04,2
669,5183.45,2
670,5172.85,0
671,5115.52,1
672,5060.09,1
673,5073.57,1
674,5058.31,3
675,5125.97,3
676,5137.93,3
677,5123.85,3
678,5144.88,3
679,5146.96,3
680,5115.99,3
681,5192.74,3
682,5208.32,3
683,5141.95,3
684,5146.49,3
685,5219.59,3
686,5243.1,3
687,5250.01,3
688,5250.01,3
689,5243.13,3
690,5219.79,3
691,5256.55,3
692,5288.53,3
693,5282.06,3
694,5284.74,3
695,5309.79,3
696,5313.19,3
697,5361.51,2
698,5353.23,2
699,5361.97,2
700,5302.99,3
701,5361.29,2
702,5359.74,2
703,5375.35,2
704,5411.81,2
705,5404.54,2
706,5422.28,2
707,5433.79,0
708,5396.03,1
709,5362.23,1
710,5348.73,1
711,5370.86,1
712,5310.07,3
713,5336.3,3
714,5402.36,2
715,5437.78,2
716,5437.16,2
717,5448.6,2
718,5447.5,2
719,5490.56,2
720,5476.28,2
721,5511.53,0
722,5505.72,0
723,5439.71,0
724,5454.74,0
725,5459.35,0
726,5452.49,0
727,5389.46,0
728,5308.65,1
729,5306.24,1
730,5381.25,0
731,5327.64,1
732,5254.05,3
733,5296.08,3
734,5359.69,3
735,5350.62,3
736,5379.21,3
737,5384.16,3
738,5427.56,3
739,5426.82,3
740,5475.85,3
741,5509.58,2
742,5541.62,2
743,5530.32,2
744,5484.76,3
745,5514.42,2
746,5510.39,2
747,5453.94,3
748,5540.01,2
749,5533.36,2
750,5541.76,2
751,5610.92,1
752,5574.56,1
753,5517.35,1
754,5518.59,1
755,5533.03,1
756,5501.95,3
757,5609.8,3
758,5617.62,3
759,5591.54,3
760,5561.78,3
761,5555.04,3
762,5614.7,3
763,5579.78,3
764,5575.07,3
765,5638.08,3
766,5609.2,3
767,5582.3,3
768,5619.7,3
769,5645.59,3
770,5608.31,3
771,5662.25,2
772,5677.3,2
773,5681.11,2
774,5676.78,2
775,5703,2
776,5665.1,2
777,5692.45,2
778,5643.95,3
779,5682.69,2
780,5725.84,2
781,5720.88,2
782,5713.59,2
783,5713.45,2
784,5694.56,2
785,5707.86,2
786,5716.38,2
787,5762.54,0
788,5588.39,0
789,5516.32,0
790,5458.4,1
791,5424.7,1
792,5385.03,3
793,5437.13,2
794,5455.07,2
795,5524.26,2
796,5537.84,0
797,5496.07,0
798,5432.94,0
799,5296.22,3
800,5389.85,3
801,5382.16,3
802,5458.95,3
803,5503.27,3
804,5502.18,3
805,5598.37,3
806,5634.75,3
807,5576.3,3
808,5587.06,3
809,5552.69,3
810,5631.53,3
811,5634.16,3
812,5645.56,3
813,5711.91,3
814,5739.01,3
815,5741.38,3
816,5766.27,3
817,5751.92,3
818,5748.94,3
819,5789.34,3
820,5861.97,3
821,5858.14,3
822,5835.95,3
823,5829.04,3
824,5938.9,3
825,5917.32,3
826,5886.03,3
827,5947.33,3
828,5944.44,3
829,5930.77,3
830,5960.04,3
831,5990.13,3
832,6004.28,3
833,6068.83,2
834,6071.48,2
835,6034.25,3
836,6051.63,2
837,6012.76,3
838,6050.63,2
839,6026.42,3
840,6049.76,2
841,6017.91,3
842,6027,3
843,6101.14,2
844,6089.91,2
845,6089.72,2
846,6120.2,2
847,6048.31,2
848,6057.49,2
849,6056.39,2
850,6042.15,3
851,6104,2
852,6168.15,0
853,6125.81,0
854,6078.54,0
855,5977.87,1
856,5890.49,1
857,5883.29,3
858,5940.09,3
859,5898.16,3
860,5934.27,3
861,6047.23,2
862,6105.28,0
863,6087.15,0
864,6071.67,0
865,6093.29,0
866,6029.79,1
867,6023.25,1
868,6002.85,1
869,5953.36,1
870,5941.67,3
871,6006.31,2
872,6054.93,2
873,6026.95,2
874,6069.84,2
875,6059.53,2
876,6102.69,2
877,6104.66,2
878,6019.22,2
879,6001.09,3
880,6103.05,2
881,6117.96,2
882,6125.6,0
883,6099.21,0
884,5995.97,0
885,6065.5,0
886,5957.16,0
887,6009.16,0
888,5907.47,0
889,5837.11,0
890,5675.05,0
891,5643.96,0
892,5646.36,0
893,5751.08,0
894,5654.3,0
895,5682.07,0
896,5597.89,1
897,5532.99,3
898,5620.4,3
899,5749.29,0
900,5624.78,0
901,5448.63,3
902,5569.28,0
903,5478.66,0
904,5442.72,0
905,5265.47,3
906,5363.63,3
907,5399.38,3
908,5418.78,3
909,5518.17,2
910,5523.33,2
911,5569.38,2
912,5590.54,0
913,5474.17,3
914,5520.02,3
915,5592.53,2
916,5662.7,2
917,5672.72,0
918,5551.55,0
919,5576.62,0
920,5430.1,1
921,5386.43,3
922,5478.94,2
923,5508.01,2
924,5565.97,0
925,5538.92,1
926,5439.37,3
927,5549.35,3
928,5730.82,3
929,5688.76,3
930,5700.65,3
931,5692.49,3
932,5641.59,3
933,5690.77,3
934,5733.37,3
935,5715.69,3
936,5773.26,2
937,5799.27,2
938,5806.18,2
939,5804.39,2
940,5843.24,2
941,5829.4,2
942,5861.93,2
943,5838.49,2
944,5862.83,0
945,5843.95,0
946,5807.44,0
947,5774.36,1
948,5818.8,0
949,5767.24,1
950,5740.48,1
951,5661.27,3
952,5705.05,3
953,5674.67,3
954,5760.3,2
955,5794.87,2
956,5836.19,2
957,5803.93,2
958,5847.95,0
959,5730.92,0
960,5720.42,0
961,5684.62,0
962,5709.42,0
963,5683.22,0
964,5631.63,0
965,5524.18,0
966,5535.56,0
967,5538.91,0
968,5613.6,0
969,5561.13,0
970,5523.63,0
971,5432.57,1
972,5506.68,0
973,5381.3,3
974,5521.17,3
975,5458.39,3
976,5434.17,3
977,5561.21,2
978,5598.11,2
979,5670.57,0
980,5629.46,1
981,5547.21,3
982,5659.07,2
983,5673.76,2
984,5718.75,2
985,5750.92,0
986,5724.76,0
987,5743.32,0
988,5590.91,1
989,5605.36,1
990,5514.88,1
991,5509.37,1
992,5497.42,3
993,5511.45,3
994,5602.77,2
995,5614.28,2
996,5627.48,0
997,5627.25,0
998,5614.08,0
999,5550.36,0
1000,5546.08,0
1001,5446.79,0
1002,5452.83,0
1003,5495.67,0
1004,5435.42,0
1005,5400.43,0
1006,5371.41,0
1007,5403.51,0
1008,5250.82,0
1009,5225.39,0
1010,5157.09,0
1011,5092.4,0
1012,4842.54,0
1013,4636.76,3
1014,4915.29,2
1015,4878.12,3
1016,4848.3,3
1017,4941.45,2
1018,4873.57,3
1019,4869.79,3
1020,4978.06,0
1021,4973.64,0
1022,4776.86,0
1023,4816.43,0
1024,4723.8,1
1025,4709.65,1
1026,4682.7,3
1027,4840.71,3
1028,4855.4,3
1029,4858.65,3
1030,4771.79,3
1031,4885.83,2
1032,4812.81,3
1033,4858.85,3
1034,4824.55,3
1035,4919.26,2
1036,4973.07,0
1037,4968.82,0
1038,4865.23,0
1039,4790.66,0
1040,4742.66,0
1041,4675.91,0
1042,4756.42,0
1043,4678.05,0
1044,4618.96,1
1045,4566.99,3
1046,4627.69,2
1047,4697.1,0
1048,4630.19,0
1049,4592.15,0
1050,4431.04,3
1051,4582.59,3
1052,4555.95,3
1053,4533.72,3
1054,4692,3
1055,4676.68,3
1056,4719.53,3
1057,4695.92,3
1058,4707.07,3
1059,4866,2
1060,4911.97,2
1061,4887.87,2
1062,4900.88,2
1063,4944.6,0
1064,4912.69,0
1065,4874.97,0
1066,4859.42,1
1067,4797.93,1
1068,4766.49,3
1069,4780.68,3
1070,4855.1,3
1071,4862.14,3
1072,4961.69,3
1073,4910.35,3
1074,4872.64,3
1075,4944.65,3
1076,4929.55,3
1077,4978.21,2
1078,5012.75,2
1079,4977.1,2
1080,4996.54,2
1081,5069.71,2
1082,5063.36,2
1083,5040.92,2
1084,5075.31,0
1085,5055.58,1
1086,4960.56,3
1087,4976.21,3
1088,4998.67,3
1089,5055.24,2
1090,5057.51,2
1091,5078.04,2
1092,5142.1,0
1093,5054.88,0
1094,5027.55,0
1095,5028.74,0
1096,4933.77,1
1097,4906.56,3
1098,4971.11,2
1099,4975.9,2
1100,5014.28,0
1101,4935.21,0
1102,4983.71,0
1103,4915.07,0
1104,4907.06,0
1105,4795.32,0
1106,4799.38,0
1107,4761.08,0
1108,4660.91,0
1109,4672.3,0
1110,4682.3,0
1111,4657.74,0
1112,4686.33,0
1113,4618.75,0
1114,4591.39,0
1115,4509.27,0
1116,4511.37,0
1117,4473.76,0
1118,4536.29,0
1119,4426.19,0
1120,4397.32,0
1121,4434.85,0
1122,4341.21,0
1123,4296.48,0
1124,4343.99,0
1125,4342.59,0
1126,4275.61,0
1127,4339.66,0
1128,4231.56,0
1129,4100.64,1
1130,4142.53,0
1131,4061.15,3
1132,4112.45,3
1133,4225.99,3
1134,4299.36,3
1135,4327.14,2
1136,4327.26,2
1137,4408.74,0
1138,4347.99,1
1139,4377.18,0
1140,4324.45,1
1141,4320.49,1
1142,4400.55,0
1143,4392.36,0
1144,4314.34,1
1145,4280.63,3
1146,4386.35,3
1147,4448.33,2
1148,4457.43,2
1149,4491.85,2
1150,4538.49,0
1151,4518.48,0
1152,4402.97,0
1153,4420.91,0
1154,4453.62,0
1155,4448.84,0
1156,4332.79,1
1157,4365.87,1
1158,4304.61,3
1159,4400.45,3
1160,4355.87,3
1161,4368.55,3
1162,4373.08,3
1163,4461.49,2
1164,4482.6,2
1165,4539.07,0
1166,4447.13,0
1167,4304.01,0
1168,4196.66,3
1169,4340.18,0
1170,4293.34,0
1171,4283.66,0
1172,4249.07,0
1173,4332.66,0
1174,4168.97,0
1175,4087.4,0
1176,4000.11,1
1177,3957.86,3
1178,4324.87,0
1179,4223.51,0
1180,4139.82,1
1181,4114.54,3
1182,4226.81,0
1183,4163.38,0
1184,3953.48,3
1185,4032.1,2
1186,4054.54,0
1187,3963.28,3
1188,4080.75,0
1189,3711.98,0
1190,3732.22,0
1191,3496.89,0
1192,3442.7,0
1193,3176.49,3
1194,3531.5,3
1195,3628.52,0
1196,3381.07,0
1197,3181,3
1198,3329.92,3
1199,3448.51,2
1200,3475.4,0
1201,3298.18,0
1202,3310.87,0
1203,3193.79,0
1204,3067.35,3
1205,3114.92,3
1206,3402.57,3
1207,3407.82,3
1208,3487.07,3
1209,3527.97,3
1210,3691.09,0
1211,3618.11,0
1212,3387.25,3
1213,3469.12,2
1214,3505.75,0
1215,3336.41,0
1216,3233.96,0
1217,3269.46,0
1218,3291.47,0
1219,3182.03,0
1220,3217.4,0
1221,3087.89,0
1222,2980.42,0
1223,2881.26,3
1224,3172.11,3
1225,3209.56,2
1226,3169.85,3
1227,3262.68,0
1228,3080.43,3
1229,3152.9,2
1230,3166.65,0
1231,3161.16,0
1232,2988.01,3
1233,3247.48,3
1234,3297.8,2
1235,3320.31,0
1236,3306.13,0
1237,3213.6,1
1238,3185.66,3
1239,3251.66,0
1240,3241.92,0
1241,3234.15,0
1242,3225.9,0
1243,3151.36,1
1244,3128.41,1
1245,3116.21,3
1246,3130.72,3
1247,3217.13,3
1248,3217.97,3
1249,3349.69,2
1250,3359.92,2
1251,3396.22,0
1252,3346.09,0
1253,3324.33,0
1254,3299.5,0
1255,3246.12,0
1256,3197.89,0
1257,3052,0
1258,2995.88,0
1259,3016.75,0
1260,2925.28,0
1261,2905.57,1
1262,2869.62,1
1263,2849.14,3
1264,2955.37,3
1265,2954.53,3
1266,3076.01,0
1267,3009.75,0
1268,2973.92,1
1269,2930.05,3
1270,2982.39,3
1271,3068.99,3
1272,3066.29,3
1273,3122.79,2
1274,3134.87,0
1275,3020.75,0
1276,3027.72,0
1277,2964.34,0
1278,2997.86,0
1279,2875.23,0
1280,2874.07,0
1281,2872.6,0
1282,2750.55,0
1283,2727.87,0
1284,2708.05,0
1285,2696.92,0
1286,2744.84,0
1287,2702.48,0
1288,2581.46,1
1289,2554.55,3
1290,2675.68,0
1291,2569.63,1
1292,2534.45,1
1293,2519.29,3
1294,2663.68,3
1295,2674.2,3
1296,2694.25,3
1297,2705.63,3
1298,2791.66,3
1299,2767.28,3
1300,2760.34,3
1301,2776.99,3
1302,2791.14,3
1303,2869.57,2
1304,2874.39,2
1305,2893.45,0
1306,2892.07,0
1307,2840.62,0
1308,2719.34,3
1309,2807.34,3
1310,2839.61,3
1311,2992.06,0
1312,2958.74,1
1313,2929.75,1
1314,2902.31,3
1315,2921.06,3
1316,2974.18,3
1317,3000.22,3
1318,2985.74,3
1319,3038.18,2
1320,3091.96,0
1321,2969.4,3
1322,2973.94,3
1323,3025.24,3
1324,3008.62,3
1325,3102.85,3
1326,3102.43,3
1327,3051.02,3
1328,3116.94,3
1329,3159.85,3
1330,3237.97,3
1331,3225,3
1332,3283.51,2
1333,3251.52,2
1334,3312.59,0
1335,3248.67,0
1336,3231.1,0
1337,3152.9,3
1338,3156.29,3
1339,3169.05,3
1340,3245.39,2
1341,3274.96,2
1342,3303.37,0
1343,3217.41,3
1344,3227.97,3
1345,3270.09,3
1346,3294.86,3
1347,3263.7,3
1348,3277.65,3
1349,3379.49,0
1350,3378.04,0
1351,3309.65,0
1352,3312.03,0
1353,3339.05,0
1354,3289.66,0
1355,3296.73,0
1356,3315.27,0
1357,3334.94,0
1358,3326.14,0
1359,3219.58,0
1360,3213.95,0
1361,3161.14,1
1362,3194.06,0
1363,3221.27,0
1364,3123.25,1
1365,3116.82,3
1366,3184.76,2
1367,3163.1,2
1368,3129.73,3
1369,3193.68,2
1370,3140.44,3
1371,3217,0
1372,3116.41,0
1373,3082.16,0
1374,3048.57,0
1375,3009.71,1
1376,3025.94,1
1377,2983.1,3
1378,3052.08,3
1379,3081.87,3
1380,3171.27,3
1381,3199.68,3
1382,3218.46,3
1383,3270.94,3
1384,3302.89,3
1385,3305.07,3
1386,3373.72,3
1387,3366.45,3
1388,3372.36,3
1389,3330.97,3
1390,3365.62,3
1391,3435.49,3
1392,3426.27,3
1393,3477.8,2
1394,3476.37,2
1395,3458.53,2
1396,3477.83,2
1397,3521.14,2
1398,3504.54,2
1399,3456.18,2
1400,3507.24,2
1401,3524.39,0
1402,3495.27,0
1403,3419.69,3
1404,3450.69,3
1405,3450.34,3
1406,3505.32,3
1407,3615.81,3
1408,3652.17,2
1409,3680.61,2
1410,3668.34,2
1411,3648.53,2
1412,3693.14,0
1413,3653.54,0
1414,3583.44,1
1415,3573.13,1
1416,3553.51,3
1417,3598.76,3
1418,3660.96,3
1419,3707.69,3
1420,3705.87,3
1421,3734.89,3
1422,3730.61,3
1423,3752.21,3
1424,3813.79,2
1425,3835.27,0
1426,3827.84,0
1427,3812.16,1
1428,3823.52,0
1429,3821.79,0
1430,3758.36,1
1431,3739.14,3
1432,3825,0
1433,3814.1,0
1434,3795.41,0
1435,3720.77,1
1436,3649.9,3
1437,3675.01,3
1438,3770.21,3
1439,3756.41,3
1440,3806.81,3
1441,3799.61,3
1442,3845.8,2
1443,3801.39,3
1444,3882.67,2
1445,3883.83,2
1446,3827.6,2
1447,3892.36,0
1448,3871.45,0
1449,3873.22,0
1450,3820.85,0
1451,3808.24,0
1452,3744.45,0
1453,3743.95,0
1454,3663.78,0
1455,3714.02,0
1456,3607.69,1
1457,3639.46,1
1458,3584.25,3
1459,3670.33,3
1460,3708.73,3
1461,3707.29,3
1462,3785.49,3
1463,3785.59,3
1464,3814.39,2
1465,3808.07,2
1466,3806.01,2
1467,3863.16,0
1468,3829.06,0
1469,3828.16,0
1470,3760.22,1
1471,3729.36,3
1472,3813.17,0
1473,3784.62,0
1474,3809.16,0
1475,3721.45,3
1476,3680.15,3
1477,3775.74,2
1478,3795.92,2
1479,3799.11,2
1480,3846.62,0
1481,3840.05,0
1482,3785.3,1
1483,3757.39,3
1484,3798.38,2
1485,3803.72,2
1486,3830.44,2
1487,3834.09,2
1488,3875.82,0
1489,3830.82,1
1490,3794.44,3
1491,3872.06,3
1492,3898.38,3
1493,3910.75,3
1494,3912.73,3
1495,3947.15,3
1496,3959.98,3
1497,3935.5,3
1498,3936.33,3
1499,4013.97,2
1500,4012.91,2
1501,4017.67,2
1502,4024.8,2
1503,4045.14,0
1504,4043.09,0
1505,4000.05,0
1506,4000.86,0
1507,4015.77,0
1508,3954.38,0
1509,4009.67,0
1510,3928.95,0
1511,3862.16,0
1512,3820.78,0
1513,3781.85,0
1514,3807.04,0
1515,3759.8,1
1516,3688.79,3
1517,3739.46,2
1518,3762.01,2
1519,3812.13,0
1520,3793.47,0
1521,3689.25,0
1522,3563.76,3
1523,3607.27,3
1524,3612.76,3
1525,3635.61,3
1526,3616.75,3
1527,3599.07,3
1528,3669.04,3
1529,3725.21,2
1530,3747.83,2
1531,3769.54,0
1532,3756.7,0
1533,3707.06,1
1534,3715.68,0
1535,3640.77,3
1536,3708.8,3
1537,3769.54,3
1538,3811.92,3
1539,3842.52,3
1540,3828.41,3
1541,3910.42,3
1542,3903.54,3
1543,3910.01,3
1544,3943.55,3
1545,3928.95,3
1546,3927.4,3
1547,3890.91,3
1548,3938.95,3
1549,3957.89,3
1550,3938.18,3
1551,3925.44,3
1552,3928,3
1553,3952.55,3
1554,3949.81,3
1555,4000.48,2
1556,3988.93,2
1557,4000.66,2
1558,3987.41,2
1559,3974.01,3
1560,4034.23,2
1561,4053.94,2
1562,4026.97,2
1563,3978.46,3
1564,4050.54,2
1565,4050.5,2
1566,4031.99,2
1567,4057.7,2
1568,4065.65,0
1569,3986.63,0
1570,3970.47,0
1571,4026.65,0
1572,3977.67,0
1573,3924.65,0
1574,3951.3,0
1575,3997.39,0
1576,3844.6,0
1577,3787,0
1578,3840.62,0
1579,3816.99,0
1580,3828.46,0
1581,3689.29,0
1582,3636.03,0
1583,3556.11,0
1584,3392.59,3
1585,3720.29,2
1586,3693.2,2
1587,3733.87,0
1588,3731.54,0
1589,3560.36,1
1590,3543.55,3
1591,3617.32,0
1592,3511.67,0
1593,3432.52,0
1594,3430.74,0
1595,3430.93,0
1596,3331.29,3
1597,3408.59,3
1598,3525.31,2
1599,3515.06,2
1600,3503.08,2
1601,3501.5,2
1602,3557.34,0
1603,3455.61,0
1604,3413.72,1
1605,3380.36,3
1606,3446.77,3
1607,3516.64,3
1608,3555.52,3
1609,3626.04,3
1610,3661.51,2
1611,3675.93,2
1612,3683.08,2
1613,3687.21,2
1614,3736.15,0
1615,3705.32,0
1616,3641.79,0
1617,3555.36,0
1618,3519.73,0
1619,3576.45,0
1620,3432.99,0
1621,3442.89,0
1622,3339.9,1
1623,3348.37,1
1624,3423.36,3
1625,3483.44,3
1626,3538.25,3
1627,3554.48,3
1628,3567.66,2
1629,3637.76,0
1630,3632.98,0
1631,3581.82,0
1632,3500.16,1
1633,3486.33,1
1634,3468.02,3
1635,3493.92,3
1636,3600.57,3
1637,3607.05,3
1638,3636.18,3
1639,3666.4,3
1640,3670.36,3
1641,3651.91,3
1642,3643.14,3
1643,3752.03,2
1644,3747.51,2
1645,3760.72,2
1646,3764.19,2
1647,3716.05,2
1648,3777.37,0
1649,3730.58,0
1650,3628.29,0
1651,3621.07,0
1652,3610.91,0
1653,3597.6,0
1654,3663.13,0
1655,3647.93,0
1656,3572.4,0
1657,3526.12,0
1658,3553.23,0
1659,3491.11,1
1660,3450.19,3
1661,3475.03,3
1662,3507.44,3
1663,3487.01,3
1664,3490.79,3
1665,3623.84,3
1666,3631.43,3
1667,3672.2,3
1668,3643.81,3
1669,3677.21,3
1670,3722.15,2
1671,3725.82,2
1672,3767.15,2
1673,3774.4,2
1674,3755.64,2
1675,3736.3,2
1676,3722.02,2
1677,3788.01,0
1678,3784.4,0
1679,3735.05,0
1680,3710.61,1
1681,3782.48,0
1682,3766.16,0
1683,3762.35,0
1684,3737.12,0
1685,3715.18,1
1686,3692.09,1
1687,3649.81,3
1688,3731.93,3
1689,3764.91,3
1690,3770.47,3
1691,3763.18,3
1692,3768.49,3
1693,3748.86,3
1694,3828.34,3
1695,3819.17,3
1696,3827.37,3
1697,3834.5,3
1698,3807.17,3
1699,3828.15,3
1700,3878.27,2
1701,3868.54,2
1702,3870,2
1703,3852.66,3
1704,3815.77,3
1705,3834.84,3
1706,3833.5,3
1707,3841.11,3
1708,3865.72,3
1709,3842.94,3
1710,3916.78,2
1711,3916.73,2
1712,3913.7,2
1713,3945.71,0
1714,3888.45,0
1715,3867.35,0
1716,3831.12,1
1717,3864.24,0
1718,3762.47,3
1719,3792.35,2
1720,3867.97,0
1721,3860.16,0
1722,3818.89,0
1723,3724.42,0
1724,3747.61,0
1725,3728.65,0
1726,3636.96,1
1727,3610.44,3
1728,3669.29,3
1729,3747.04,3
1730,3750.55,3
1731,3749.23,3
1732,3810.5,3
1733,3831.98,3
1734,3858.05,2
1735,3857.35,2
1736,3892.44,2
1737,3902.87,2
1738,3880.19,2
1739,3888.36,2
1740,3867.35,2
1741,3885.08,2
1742,3927.49,0
1743,3919.71,0
1744,3911.32,0
1745,3862.19,1
1746,3858.72,1
1747,3890.65,0
1748,3850.76,1
1749,3804.78,3
1750,3900.86,2
1751,3916.03,0
1752,3904.61,0
1753,3904.42,0
1754,3865.58,1
1755,3802.03,3
1756,3861.92,3
1757,3945.07,3
1758,3974.83,3
1759,3983.28,3
1760,4012.68,3
1761,3976.71,3
1762,3964.84,3
1763,4017.45,3
1764,4033.21,3
1765,4019.62,3
1766,4049.07,3
1767,4059.57,3
1768,4002.32,3
1769,4005.5,3
1770,4072.62,3
1771,4066.53,3
1772,4036.59,3
1773,4047.21,3
1774,4090.8,2
1775,4108.27,2
1776,4090.74,2
1777,4095.14,2
1778,4101.31,2
1779,4096.62,2
1780,4110.34,2
1781,4151.26,2
1782,4152.31,2
1783,4157.14,0
1784,4050.27,1
1785,4013.12,1
1786,4009.64,3
1787,4070.38,2
1788,4110.35,0
1789,4067.15,0
1790,4034.32,0
1791,4060.76,0
1792,4020.21,0
1793,3990.41,0
1794,4015.91,0
1795,3993.81,0
1796,3963.99,0
1797,3928.68,0
1798,3878.04,0
1799,3780.85,0
1800,3696.56,3
1801,3786.21,3
1802,3810.22,3
1803,3904.45,3
1804,3892.71,3
1805,3913.73,3
1806,3968.84,3
1807,3972.38,3
1808,3976.95,3
1809,3987.8,2
1810,4024.44,2
1811,3989.18,2
1812,4054.76,2
1813,4042.92,2
1814,4041.74,2
1815,4048.16,2
1816,4028.3,2
1817,4061.91,0
1818,4038.7,0
1819,3976.6,0
1820,4006.23,0
1821,3970.39,0
1822,3974.48,0
1823,3881.24,3
1824,3908.58,3
1825,4004.62,3
1826,4021.88,3
1827,4045.29,2
1828,4067.72,2
1829,4104.9,2
1830,4106.92,2
1831,4108.77,0
1832,4096.84,0
1833,4043.13,0
1834,4004.87,1
1835,4058.01,0
1836,4007.26,1
1837,4052.51,0
1838,4058.08,0
1839,4023.29,0
1840,4018.85,1
1841,3989.82,1
1842,3941.58,3
1843,3978,2
1844,4027.74,0
1845,3990.85,0
1846,3906.98,3
1847,3916.88,3
1848,3928.99,2
1849,3917.22,3
1850,3950.98,2
1851,4006.94,0
1852,3964.81,0
1853,3889.87,0
1854,3890.68,0
1855,3863.4,1
1856,3871.92,0
1857,3837.98,1
1858,3878.65,0
1859,3805.09,1
1860,3807.61,1
1861,3864.58,1
1862,3806.85,1
1863,3792.31,3
1864,3823.74,2
1865,3799.66,2
1866,3877.07,0
1867,3871.37,0
1868,3787.79,1
1869,3784.8,3
1870,3796.55,3
1871,3851.89,3
1872,3924.23,3
1873,3982.21,2
1874,4007.35,0
1875,3978.83,0
1876,3961.34,0
1877,3979.96,0
1878,3913.55,0
1879,3807.51,0
1880,3774.12,0
1881,3793.27,0
1882,3751.23,0
1883,3726.59,0
1884,3650.71,3
1885,3694.95,3
1886,3754.6,3
1887,3816.75,2
1888,3842.7,0
1889,3812.97,0
1890,3787.88,0
1891,3734.07,0
1892,3712.66,0
1893,3671.28,0
1894,3588.05,0
1895,3522.79,0
1896,3454.94,0
1897,3320.35,0
1898,3278.56,0
1899,3125.19,0
1900,3176.19,0
1901,3002.99,3
1902,3089.66,3
1903,3213.88,2
1904,3239.06,2
1905,3230.9,2
1906,3254.34,0
1907,3076.04,1
1908,3016.99,3
1909,3051.36,3
1910,3084.37,3
1911,3139.55,3
1912,3119,3
1913,3087.64,3
1914,3154.2,3
1915,3159.74,3
1916,3256.76,2
1917,3265.83,0
1918,3148.53,0
1919,2965.64,3
1920,3073.18,2
1921,3085.83,0
1922,2974.59,0
1923,2854.81,3
1924,2894.93,3
1925,2949.14,3
1926,3045.62,0
1927,3031.08,0
1928,2940,0
1929,2984.05,0
1930,2935.82,0
1931,2781.68,3
1932,2810.11,3
1933,2859.34,3
1934,3023.38,2
1935,2995.62,2
1936,3027.65,0
1937,2981.96,0
1938,2926.83,0
1939,2850.55,3
1940,2973.9,3
1941,3075.37,3
1942,3095.56,3
1943,3161.47,3
1944,3153.52,3
1945,3229.76,0
1946,3186.94,0
1947,3217.89,0
1948,3166.06,0
1949,3141.1,1
1950,3157.34,0
1951,3084.07,3
1952,3171.34,3
1953,3220.46,3
1954,3174.29,3
1955,3169.62,3
1956,3368.62,0
1957,3348.63,0
1958,3242.84,0
1959,3068.33,3
1960,3110.59,3
1961,3195.47,0
1962,3123.55,1
1963,3103.6,1
1964,3143.3,0
1965,3075.16,1
1966,3064.84,3
1967,3149.38,0
1968,3108.95,0
1969,3049.13,0
1970,3064.9,0
1971,3010.29,0
1972,2997.01,0
1973,2894.94,0
1974,2870.68,1
1975,2822.43,1
1976,2856.97,3
1977,3012.93,3
1978,3026.76,3
1979,3154.62,2
1980,3129.95,3
1981,3164.95,2
1982,3201.28,0
1983,3179.63,0
1984,3175.98,0
1985,3095.49,3
1986,3172.35,0
1987,3089.59,0
1988,3078.72,0
1989,2976.17,1
1990,2998.73,1
1991,2972.3,3
1992,2974.2,3
1993,3055.39,3
1994,3030.47,3
1995,3071.8,3
1996,3102.09,3
1997,3103.11,3
1998,3071.08,3
1999,3127.56,3
2000,3159.81,3
2001,3245.4,0
2002,3193.65,0
2003,3144.91,1
2004,3137.36,1
2005,3127.69,3
2006,3210.79,3
2007,3204.83,3
2008,3199.98,3
2009,3196.49,3
2010,3269.99,3
2011,3264.93,3
2012,3328.94,2
2013,3321.5,2
2014,3338.42,2
2015,3322.65,2
2016,3312.48,2
2017,3363.23,0
2018,3318.76,1
2019,3265.64,3
2020,3298.55,3
2021,3367.46,3
2022,3376.66,3
2023,3427.92,3
2024,3405.27,3
2025,3411.54,3
2026,3410,3
2027,3424.71,3
2028,3373.14,3
2029,3384.55,3
2030,3375.64,3
2031,3390.35,3
2032,3393.25,3
2033,3439.62,2
2034,3465.24,2
2035,3447.37,2
2036,3447.31,2
2037,3467.03,2
2038,3441.45,2
2039,3453.99,2
2040,3452.45,2
2041,3499.73,2
2042,3501.17,0
2043,3487.54,0
2044,3362.56,3
2045,3392.33,3
2046,3478.36,3
2047,3487.48,3
2048,3490.06,3
2049,3550.16,2
2050,3564.51,2
2051,3580.21,2
2052,3594.83,0
2053,3577.88,0
2054,3530.83,0
2055,3527.37,0
2056,3472.46,0
2057,3476.18,0
2058,3501.98,0
2059,3469.59,0
2060,3430.15,1
2061,3381.12,3
2062,3423.81,2
2063,3462.91,0
2064,3406.78,0
2065,3313.47,0
2066,3319.81,0
2067,3217.6,1
2068,3237.69,1
2069,3269.79,0
2070,3189.09,3
2071,3205.28,3
2072,3292.51,0
2073,3240.29,0
2074,3174.02,0
2075,3188.58,0
2076,3098.37,3
2077,3169.32,3
2078,3233.46,2
2079,3229.32,2
2080,3266.27,0
2081,3212.8,0
2082,3226.33,0
2083,3223.36,0
2084,3161.97,0
2085,3214.22,0
2086,3124.8,0
2087,3118.65,0
2088,3130.17,0
2089,3129.77,0
2090,3057.99,1
2091,3039.27,1
2092,3048.67,1
2093,3011.99,1
2094,3008,3
2095,3027.15,2
2096,3084.09,0
2097,3003.27,3
2098,3038.25,2
2099,3047.94,2
2100,3084.7,0
2101,3015.58,0
2102,3017.01,0
2103,2950.47,3
2104,2954.49,3
2105,2986.1,3
2106,3058.44,3
2107,3071.16,2
2108,3051.69,3
2109,3042.76,3
2110,3046.91,3
2111,3030.04,3
2112,3032.45,3
2113,3087.62,2
2114,3066.19,2
2115,3117.92,2
2116,3126.52,0
2117,3114.22,0
2118,3090.9,0
2119,3021.64,1
2120,3012.71,3
2121,3063.12,3
2122,3051.68,3
2123,3196.65,3
2124,3240.2,2
2125,3271.2,0
2126,3229.36,0
2127,3168.79,1
2128,3156.8,1
2129,3175.41,1
2130,3157.25,1
2131,3135.18,3
2132,3180.81,3
2133,3179.9,3
2134,3176.97,3
2135,3235.4,2
2136,3263.64,0
2137,3193.89,0
2138,3101.53,1
2139,3074.68,3
2140,3081.74,3
2141,3207.12,3
2142,3280.19,2
2143,3320.71,2
2144,3291.66,2
2145,3321.56,0
2146,3232.46,3
2147,3374.19,3
2148,3401.56,3
2149,3453.28,2
2150,3438.26,3
2151,3456.71,2
2152,3435.62,3
2153,3426.41,3
2154,3450.27,2
2155,3449.2,2
2156,3480.49,2
2157,3488.38,2
2158,3480.58,2
2159,3513.28,0
2160,3461.65,0
2161,3432.56,1
2162,3433.21,1
2163,3462.83,0
2164,3431.55,1
2165,3413.89,1
2166,3379.11,3
2167,3413.07,3
2168,3399.04,3
2169,3405.79,3
2170,3509.88,3
2171,3519.05,2
2172,3506.05,3
2173,3537.3,2
2174,3543.79,2
2175,3502.09,3
2176,3581.58,0
2177,3553.69,0
2178,3512.69,0
2179,3531.82,0
2180,3509.92,0
2181,3530.72,0
2182,3497.22,0
2183,3513.81,0
2184,3414.84,1
2185,3439.32,0
2186,3354.82,3
2187,3434.98,2
2188,3414.23,2
2189,3406.02,2
2190,3401.2,2
2191,3457.04,0
2192,3406.53,1
2193,3382.78,1
2194,3365.87,3
2195,3413.72,3
2196,3389.08,3
2197,3420.28,3
2198,3500.94,2
2199,3527.5,2
2200,3535.18,0
2201,3504.56,0
2202,3483.25,0
2203,3406.5,3
2204,3426.49,2
2205,3411.53,3
2206,3435.09,2
2207,3429.27,2
2208,3475.4,2
2209,3492.46,0
2210,3448.5,0
2211,3478.66,0
2212,3409.59,0
2213,3407.68,1
2214,3423.57,0
2215,3411.65,0
2216,3430.6,0
2217,3400.02,1
2218,3382.4,1
2219,3341.52,3
2220,3439.58,3
2221,3462.06,3
2222,3477.36,3
2223,3528.8,3
2224,3500.94,3
2225,3502.13,3
2226,3515.19,3
2227,3568.88,3
2228,3557.28,3
2229,3566.59,3
2230,3580.48,3
2231,3590.5,3
2232,3601.65,3
2233,3605.61,3
2234,3612.1,3
2235,3646.15,3
2236,3646.66,3
2237,3643.13,3
2238,3643.28,3
2239,3638.1,3
2240,3648.63,3
2241,3664.59,3
2242,3666.73,3
2243,3661.4,3
2244,3652.61,3
2245,3674.26,3
2246,3620.25,3
2247,3641.07,3
2248,3733.93,2
2249,3721.17,2
2250,3730.02,2
2251,3704.64,3
2252,3705.88,3
2253,3717.45,2
2254,3703.12,3
2255,3706.02,3
2256,3708.25,3
2257,3697.35,3
2258,3708.49,3
2259,3744.11,2
2260,3741.58,2
2261,3741.01,2
2262,3726.17,2
2263,3752.17,2
2264,3778.16,2
2265,3780.89,2
2266,3785.82,0
2267,3765.52,0
2268,3732.6,0
2269,3773.53,0
2270,3659.91,1
2271,3694.7,0
2272,3642.9,1
2273,3601.05,3
2274,3649.5,3
2275,3650.58,3
2276,3686.58,2
2277,3698.53,2
2278,3669.6,2
2279,3660.37,3
2280,3735.82,0
2281,3709.88,0
2282,3624.8,3
2283,3706.28,2
2284,3721.33,0
2285,3621.92,3
2286,3691.49,3
2287,3723,3
2288,3699.91,3
2289,3709.76,3
2290,3787.19,3
2291,3773.76,3
2292,3793.78,3
2293,3840.15,2
2294,3836.27,2
2295,3839.97,2
2296,3836.04,2
2297,3871.58,0
2298,3844.03,0
2299,3825.47,0
2300,3775.75,1
2301,3829.56,0
2302,3774.85,1
2303,3770.29,1
2304,3727.98,1
2305,3748.64,1
2306,3711.64,3
2307,3731.42,2
2308,3805.37,0
2309,3754.96,0
2310,3726.16,1
2311,3663.48,3
2312,3666.78,3
2313,3670.72,3
2314,3743.71,2
2315,3775.66,0
2316,3729.3,0
2317,3710.48,0
2318,3685.79,0
2319,3599.23,3
2320,3599.36,3
2321,3651.96,3
2322,3652.13,3
2323,3783.05,3
2324,3842.94,3
2325,3840.47,3
2326,3810.05,3
2327,3868.68,3
2328,3856.75,3
2329,3858.76,3
2330,3912.95,3
2331,3907.04,3
2332,3921.32,3
2333,3956.28,3
2334,3928.58,3
2335,3953.83,3
2336,3945.2,3
2337,3966.06,3
2338,3982.23,2
2339,3979.07,2
2340,4001.27,2
2341,4022.85,2
2342,4036.18,2
2343,4051.11,0
2344,3967.15,1
2345,3956.79,3
2346,4050.56,0
2347,3974.12,0
2348,3996.31,0
2349,3948.59,0
2350,3920.67,0
2351,3925.83,0
2352,3852.44,0
2353,3814.28,0
2354,3872.59,0
2355,3864.36,0
2356,3810.56,0
2357,3793.7,0
2358,3797.98,0
2359,3805.16,0
2360,3863.66,0
2361,3860.55,0
2362,3839.34,0
2363,3698.93,0
2364,3658.04,1
2365,3595.63,3
2366,3649.82,3
2367,3726.04,3
2368,3762.19,3
2369,3738.91,3
2370,3767.48,3
2371,3742.57,3
2372,3702.01,3
2373,3753.85,3
2374,3823.83,3
2375,3843.56,3
2376,3840.53,3
2377,3868.98,3
2378,3855.09,3
2379,3878.58,3
2380,3851.03,3
2381,3872.02,3
2382,3927.79,3
2383,3925.32,3
2384,3939.92,3
2385,3923.09,3
2386,3962.75,3
2387,3956.02,3
2388,3968.84,3
2389,3968.91,3
2390,3986.61,3
2391,3992.69,3
2392,4042.73,2
2393,4045.65,2
2394,4049.97,2
2395,4032.57,3
2396,4038.49,3
2397,4064.32,2
2398,4076.55,2
2399,4071.68,2
2400,4092.5,2
2401,4114.2,2
2402,4093.2,2
2403,4123.89,0
2404,4083.98,0
2405,4028.93,0
2406,4015.09,0
2407,4059.12,0
2408,4069.47,0
2409,4067.13,0
2410,3968.73,1
2411,3960.46,1
2412,3986.35,1
2413,3933.78,3
2414,3974.07,3
2415,3980.42,3
2416,4006.8,3
2417,4049.19,3
2418,4040.33,3
2419,4116.64,3
2420,4119.11,3
2421,4106.63,3
2422,4114.5,3
2423,4152.22,3
2424,4145.51,3
2425,4170.4,3
2426,4206.04,3
2427,4203.66,3
2428,4172.08,3
2429,4195.61,3
2430,4195.35,3
2431,4186.72,3
2432,4186.77,3
2433,4143.44,3
2434,4196.6,3
2435,4158.16,3
2436,4127.98,3
2437,4164.25,3
2438,4165.58,3
2439,4133.53,3
2440,4127.05,3
2441,4218.11,3
2442,4219.98,3
2443,4222.96,3
2444,4256.02,2
2445,4243.72,2
2446,4239.64,2
2447,4286.03,2
2448,4276.92,2
2449,4295.43,2
2450,4260.66,2
2451,4275.69,2
2452,4272.31,2
2453,4251.61,2
2454,4278.09,2
2455,4274.11,2
2456,4299.89,2
2457,4273.19,2
2458,4288.59,2
2459,4253.34,2
2460,4286.93,2
2461,4280.99,2
2462,4260.44,2
2463,4290.14,2
2464,4263.78,2
2465,4239.94,2
2466,4283.91,2
2467,4292.23,2
2468,4320.68,0
2469,4272.29,0
2470,4268.37,0
2471,4253.9,0
2472,4278.53,0
2473,4301.97,0
2474,4277.57,0
2475,4293.06,0
2476,4295.21,0
2477,4285.81,0
2478,4172.44,0
2479,4148.52,0
2480,4099.91,1
2481,4129.37,1
2482,4134.1,1
2483,4091.14,1
2484,4086.86,1
2485,4069.12,1
2486,4059.71,3
2487,4119.88,3
2488,4068.64,3
2489,4109.51,3
2490,4177.03,3
2491,4193.77,3
2492,4215.29,3
2493,4218.41,3
2494,4277.65,2
2495,4275.71,2
2496,4295.95,2
2497,4227.28,3
2498,4247.65,2
2499,4227.54,3
2500,4262.68,2
2501,4260.96,2
2502,4225.14,3
2503,4250.6,2
2504,4263.27,2
2505,4274.2,2
2506,4332.07,0
2507,4319.27,0
2508,4327.5,0
2509,4323.87,0
2510,4324.98,0
2511,4280.96,0
2512,4161.47,1
2513,4144.56,1
2514,4185.29,1
2515,4156.98,1
2516,4180.02,1
2517,4165.72,1
2518,4107.75,3
2519,4117.45,3
2520,4117.79,3
2521,4188.1,3
2522,4228.18,3
2523,4237.13,3
2524,4283.32,3
2525,4305.5,3
2526,4312.8,3
2527,4340.14,2
2528,4330.71,3
2529,4341.1,2
2530,4355.49,2
2531,4381.06,2
2532,4419.13,0
2533,4414.55,0
2534,4396.91,0
2535,4396.39,0
2536,4408.08,0
2537,4290.87,3
2538,4395.9,2
2539,4391.25,2
2540,4417.04,0
2541,4366.42,0
2542,4370.84,0
2543,4349.72,0
2544,4306.26,0
2545,4250.51,1
2546,4216.37,3
2547,4271.96,3
2548,4313.26,3
2549,4308.06,3
2550,4327.91,3
2551,4335.28,3
2552,4276.34,3
2553,4344.12,3
2554,4385.15,3
2555,4379.06,3
2556,4411.26,2
2557,4391.5,3
2558,4426.72,2
2559,4430.86,2
2560,4449.33,2
2561,4484.55,0
2562,4436.08,0
2563,4424.83,1
2564,4442.68,0
2565,4413.49,1
2566,4365.86,1
2567,4384.56,1
2568,4345.35,3
2569,4405.66,3
2570,4431.81,3
2571,4484.21,3
2572,4451.08,3
2573,4479.54,3
2574,4443.63,3
2575,4460.53,3
2576,4497.68,3
2577,4487.39,3
2578,4458.17,3
2579,4462.69,3
2580,4428.07,3
2581,4446.44,3
2582,4507.24,2
2583,4477.28,3
2584,4493.65,3
2585,4505.02,2
2586,4501.04,3
2587,4444.93,3
2588,4456.28,3
2589,4469.76,3
2590,4452.35,3
2591,4469.03,3
2592,4478.21,3
2593,4493.15,3
2594,4529.75,2
2595,4531.63,2
2596,4530.51,2
2597,4519.57,2
2598,4515.89,2
2599,4503.69,2
2600,4501,3
2601,4548.73,2
2602,4581.12,2
2603,4589.12,2
2604,4595,0
2605,4555.11,0
2606,4554.4,0
2607,4543.28,0
2608,4510.05,0
2609,4536.07,0
2610,4530.37,0
2611,4563.04,0
2612,4541.34,0
2613,4515.57,0
2614,4518.34,0
2615,4460.6,0
2616,4439.63,0
2617,4436.99,0
2618,4422.84,0
2619,4461.12,0
2620,4444.72,0
2621,4489.88,0
2622,4405.76,0
2623,4342.53,1
2624,4359.84,1
2625,4301.26,3
2626,4316.5,3
2627,4350.04,2
2628,4305.31,3
2629,4369.06,2
2630,4316.12,3
2631,4335.31,2
2632,4304.74,3
2633,4369.52,2
2634,4376.32,2
2635,4410.65,0
2636,4330.55,0
2637,4344.77,0
2638,4365.58,0
2639,4312.3,0
2640,4246.14,0
2641,4202.78,1
2642,4217.22,1
2643,4232.88,0
2644,4207.14,1
2645,4149.83,1
2646,4147.81,3
2647,4197.7,3
2648,4162.16,3
2649,4194.79,3
2650,4205.43,3
2651,4174.36,3
2652,4230.65,3
2653,4254.45,3
2654,4240.79,3
2655,4292.93,3
2656,4252.8,3
2657,4342.11,3
2658,4393.41,3
2659,4395.26,3
2660,4366.04,3
2661,4381.04,3
2662,4378.33,3
2663,4421.87,2
2664,4494.94,0
2665,4486.49,0
2666,4474.93,0
2667,4452.37,0
2668,4450.79,0
2669,4440.9,0
2670,4441.7,0
2671,4428.63,0
2672,4409.15,0
2673,4431.41,0
2674,4464.7,0
2675,4461.22,0
2676,4442.55,0
2677,4359.35,0
2678,4413.72,0
2679,4355.28,0
2680,4394.75,0
2681,4358.07,0
2682,4416.24,0
2683,4365.27,0
2684,4242.67,0
2685,4281.74,0
2686,4286.52,0
2687,4209.14,0
2688,4168.12,0
2689,4141.45,0
2690,4073.71,0
2691,4078.7,0
2692,4088.25,0
2693,3939.72,1
2694,3918.62,3
2695,4033.18,3
2696,3991.24,3
2697,4081.24,3
2698,4105.09,3
2699,4157.68,2
2700,4128.9,3
2701,4096.74,3
2702,4112.67,3
2703,4110.64,3
2704,4141.24,3
2705,4233.09,0
2706,4194.03,1
2707,4130.19,3
2708,4208.42,3
2709,4227.68,3
2710,4189.89,3
2711,4222.82,3
2712,4244.1,3
2713,4179.88,3
2714,4187.95,3
2715,4202.46,3
2716,4226.1,3
2717,4262.38,3
2718,4266.19,3
2719,4234.21,3
2720,4347.23,2
2721,4368.44,2
2722,4382.31,2
2723,4373.42,2
2724,4390.18,2
2725,4377.33,2
2726,4388.3,2
2727,4391.86,2
2728,4323.89,3
2729,4419.48,0
2730,4375.48,0
2731,4263.94,0
2732,4227.91,0
2733,4225.86,0
2734,4108.93,0
2735,4005.38,3
2736,4093.2,3
2737,4111.91,3
2738,4249.49,2
2739,4241.65,2
2740,4254.43,2
2741,4314.97,2
2742,4295.85,2
2743,4317.93,0
2744,4245.54,0
2745,4272.75,0
2746,4252.29,0
2747,4111.36,1
2748,4083.5,3
2749,4112.73,3
2750,4260.19,3
2751,4179.07,3
2752,4228.24,3
2753,4290.28,3
2754,4223.24,3
2755,4323.2,3
2756,4379.62,3
2757,4446.02,3
2758,4484.82,3
2759,4552.8,3
2760,4640.69,3
2761,4675.13,3
2762,4624.21,3
2763,4610.94,3
2764,4631.43,3
2765,4604.25,3
2766,4627.67,3
2767,4677.9,3
2768,4696.3,3
2769,4703.3,3
2770,4691.03,3
2771,4651.08,3
2772,4695.65,3
2773,4679.38,3
2774,4726.2,3
2775,4759.36,3
2776,4753.99,3
2777,4799.03,3
2778,4833.28,3
2779,4830.9,3
2780,4862.3,3
2781,4886.44,3
2782,4882.22,3
2783,4910.62,3
2784,4951.48,3
2785,4917.32,3
2786,4869.25,3
2787,4917.35,3
2788,4963.51,3
2789,4964.35,3
2790,4937.2,3
2791,4881.95,3
2792,4997.75,3
2793,4987.33,3
2794,5010.46,3
2795,5061.16,3
2796,5028.93,3
2797,5033.42,3
2798,5037.18,3
2799,5087.49,3
2800,5054.52,3
2801,5088.28,3
2802,5020.99,3
2803,5006.35,3
2804,5034.06,3
2805,5083.52,3
2806,5033.64,3
2807,5062.22,3
2808,5074.14,3
2809,5151.19,2
2810,5136.86,3
2811,5208.95,2
2812,5240.46,2
2813,5254.12,2
2814,5218.06,2
2815,5254.35,0
2816,5224.49,1
2817,5143.26,3
2818,5187.59,2
2819,5192.64,2
2820,5211.09,2
2821,5178.91,2
2822,5201.45,2
2823,5268.91,0
2824,5173.38,0
2825,5039.39,1
2826,5046.49,1
2827,5081.97,0
2828,4974.07,1
2829,4981.59,1
2830,4967.22,3
2831,5090.39,0
2832,5027.87,1
2833,4974.65,1
2834,4961.86,3
2835,5029.31,3
2836,4993.82,3
2837,5012.31,3
2838,5117.3,2
2839,5133.3,2
2840,5146.7,2
2841,5142.89,2
2842,5083.54,2
2843,5182.53,0
2844,5137.83,0
2845,5007.89,0
2846,5025.3,0
2847,5004.46,0
2848,5034.17,0
2849,4987.13,0
2850,4920.74,1
2851,4857.66,1
2852,4850.22,3
2853,4934.91,2
2854,4971.37,0
2855,4901.19,0
2856,4815.36,1
2857,4839.86,1
2858,4790.62,3
2859,4803.48,3
2860,4815.37,3
2861,4998.61,2
2862,5057.68,2
2863,5045.35,2
2864,5041.71,2
2865,5059.17,0
2866,4869.82,0
2867,4790.2,0
2868,4883.19,0
2869,4835.56,0
2870,4711.54,0
2871,4604.64,3
2872,4639.02,3
2873,4757.22,3
2874,4903.07,3
2875,4998.1,3
2876,5032.47,3
2877,5047.24,2
2878,5121.5,2
2879,5124.39,2
2880,5142.49,0
2881,5106.57,0
2882,5082.57,0
2883,5086.74,0
2884,5057.36,0
2885,4927.6,3
2886,4977.32,3
2887,5017.44,3
2888,5046.42,3
2889,5082.61,3
2890,5120.52,2
2891,5112.14,2
2892,5196.73,0
2893,5192.11,0
2894,5154.75,0
2895,5195.41,0
2896,5099.03,0
2897,4925.43,0
2898,4986.85,0
2899,4956.47,0
2900,4984.83,0
2901,4971.25,0
2902,4884.1,0
2903,4783.55,0
2904,4630.99,0
2905,4383.46,3
2906,4564.86,3
2907,4501.05,3
2908,4658.18,2
2909,4675.13,0
2910,4652.95,0
2911,4541.16,3
2912,4554.92,3
2913,4653.79,0
2914,4523.08,3
2915,4598.26,2
2916,4664.59,0
2917,4596.53,1
2918,4548.72,1
2919,4518.15,3
2920,4569.37,2
2921,4645.84,2
2922,4655.14,0
2923,4535.85,0
2924,4585.5,0
2925,4428.51,1
2926,4432.83,1
2927,4347.24,3
2928,4480.66,0
2929,4357.05,1
2930,4343.73,3
2931,4455.29,3
2932,4426.54,3
2933,4458.88,3
2934,4616.9,3
2935,4660.64,3
2936,4667.34,3
2937,4675.91,3
2938,4701.39,3
2939,4688.7,3
2940,4643.38,3
2941,4609.03,3
2942,4675.29,3
2943,4702.79,3
2944,4704.07,3
2945,4673.81,3
2946,4695.1,3
2947,4802.18,3
2948,4923.64,2
2949,4897.13,2
2950,4847.07,3
2951,4890.58,2
2952,4885.82,2
2953,4897.66,2
2954,4916.21,2
2955,4936.18,2
2956,4948.29,2
2957,4980.04,2
2958,4984.15,0
2959,4911.17,0
2960,4912.16,0
2961,4952.51,0
2962,4856.65,1
2963,4807.95,1
2964,4804.31,3
2965,4937.31,0
2966,4906.72,1
2967,4915.1,1
2968,4910.97,1
2969,4889.12,1
2970,4820.28,3
2971,4892.99,2
2972,4930.14,2
2973,4957.6,0
2974,4914.53,0
2975,4905.76,0
2976,4730.21,0
2977,4714.79,0
2978,4756.41,0
2979,4681.86,0
2980,4637.45,0
2981,4635.06,0
2982,4549.56,1
2983,4473.07,3
2984,4614.4,2
2985,4624.67,2
2986,4677.54,0
2987,4625.26,1
2988,4565.17,3
2989,4567.6,3
2990,4674.53,2
2991,4663.18,2
2992,4617.95,2
2993,4701.36,0
2994,4677.14,0
2995,4637.06,0
2996,4522.45,0
2997,4537.63,0
2998,4480.47,0
2999,4403.58,0
3000,4333.76,0
3001,4312.74,0
3002,4378.75,0
3003,4391.94,0
3004,4312.89,0
3005,4210.16,0
3006,4272.26,0
3007,4124.95,3
3008,4206.4,3
3009,4336.69,2
3010,4311.33,3
3011,4356.81,2
3012,4380.36,2
3013,4322.16,3
3014,4417.02,0
3015,4392.33,0
3016,4283.99,0
3017,4226.96,0
3018,4228.53,0
3019,4200.67,0
3020,4066.31,0
3021,3997.54,0
3022,4061.2,0
3023,3896.71,3
3024,3995.06,3
3025,4110.66,3
3026,4233.47,2
3027,4239.76,2
3028,4223.04,2
3029,4298.7,0
3030,4238.42,1
3031,4155.34,3
3032,4248.45,3
3033,4314.57,3
3034,4353.55,3
3035,4406.84,2
3036,4424.89,2
3037,4416.08,2
3038,4456.62,0
3039,4442.29,0
3040,4404.02,1
3041,4425.65,1
3042,4350.35,3
3043,4492.79,2
3044,4506.59,0
3045,4472.63,0
3046,4463,0
3047,4442.89,0
3048,4462.51,0
3049,4427.8,0
3050,4431.97,0
3051,4423.98,0
3052,4329.68,3
3053,4366.67,2
3054,4444.42,0
3055,4385.06,0
3056,4322.24,1
3057,4345.22,0
3058,4250.28,1
3059,4284.64,1
3060,4245.91,3
3061,4303.12,3
3062,4312.63,3
3063,4345.91,3
3064,4490.31,3
3065,4511.51,2
3066,4495.17,3
3067,4506.84,2
3068,4566.48,2
3069,4591.92,0
3070,4582.83,0
3071,4569.66,0
3072,4546.12,0
3073,4533.18,0
3074,4559.4,0
3075,4557.36,0
3076,4428.96,0
3077,4442.75,0
3078,4371.98,0
3079,4324.23,1
3080,4319.46,1
3081,4301.24,1
3082,4322.81,1
3083,4338.21,1
3084,4316.67,1
3085,4293.27,1
3086,4319.99,1
3087,4312.28,1
3088,4297.57,1
3089,4319.3,1
3090,4282.54,3
3091,4353.9,3
3092,4325.1,3
3093,4431.52,3
3094,4481.64,2
3095,4512.64,2
3096,4514.74,2
3097,4505.62,0
3098,4475.39,0
3099,4466,0
3100,4421.78,0
3101,4423.38,0
3102,4475.86,0
3103,4448.73,0
3104,4405.61,0
3105,4306.72,0
3106,4227.02,0
3107,4130.33,3
3108,4171.58,3
3109,4153.01,3
3110,4193.83,3
3111,4340.76,3
3112,4367.24,3
3113,4380.03,2
3114,4465.9,0
3115,4106.73,0
3116,3984.72,3
3117,4088.85,3
3118,4195.32,2
3119,4237.48,2
3120,4273.96,0
3121,4163.42,1
3122,4085.3,3
3123,4117.85,3
3124,4190.68,3
3125,4264.53,3
3126,4331.38,3
3127,4335.26,3
3128,4385.52,2
3129,4372.51,2
3130,4357.74,3
3131,4330.13,3
3132,4379.76,2
3133,4376.25,2
3134,4381.1,2
3135,4388,2
3136,4394.77,2
3137,4446.96,0
3138,4420.58,0
3139,4439.81,0
3140,4409.17,0
3141,4327.99,1
3142,4321.08,3
3143,4345.63,3
3144,4410.55,3
3145,4415.46,2
3146,4468.07,2
3147,4452.01,2
3148,4503.95,0
3149,4500.19,0
3150,4497.86,0
3151,4460.44,1
3152,4417.68,1
3153,4437.06,1
3154,4400.52,1
3155,4389.94,3
3156,4421.45,3
3157,4435.47,3
3158,4406.61,3
3159,4441.87,3
3160,4424.25,3
3161,4457.49,3
3162,4438.22,3
3163,4439.67,3
3164,4542.17,2
3165,4529.96,2
3166,4557.66,0
3167,4542.2,0
3168,4491.4,0
3169,4439.8,0
3170,4387.18,1
3171,4370.26,1
3172,4373.22,1
3173,4332.45,3
3174,4394.19,3
3175,4388.6,3
3176,4409.55,3
3177,4509.82,0
3178,4488.69,0
3179,4407.85,1
3180,4398.68,3
3181,4432.45,2
3182,4443.84,2
3183,4448.26,2
3184,4453.56,2
3185,4503.09,0
3186,4489.95,1
3187,4480.1,1
3188,4449.91,1
3189,4497.26,0
3190,4471.74,1
3191,4452.24,1
3192,4405.17,3
3193,4470.92,2
3194,4450.23,3
3195,4508.91,2
3196,4520.3,2
3197,4540.12,2
3198,4536.07,2
3199,4552.58,0
3200,4540.84,0
3201,4534.59,0
3202,4533.57,0
3203,4548.58,0
3204,4509.26,0
3205,4470.28,0
3206,4414.67,1
3207,4411.68,1
3208,4377.46,3
3209,4461.21,3
3210,4476.89,3
3211,4543.48,3
3212,4530.95,3
3213,4489.27,3
3214,4508.55,3
3215,4536.53,3
3216,4501.14,3
3217,4527.77,3
3218,4504.35,3
3219,4529.58,3
3220,4548.35,3
3221,4529.21,3
3222,4550.27,3
3223,4510.39,3
3224,4551.46,3
3225,4578.34,3
3226,4560.61,3
3227,4528.82,3
3228,4574.32,3
3229,4631.94,3
3230,4694.72,3
3231,4735.48,3
3232,4764.07,3
3233,4760.77,3
3234,4803.87,3
3235,4769.24,3
3236,4819.23,3
3237,4833.27,2
3238,4822.77,3
3239,4849.89,2
3240,4833.82,2
3241,4834.63,2
3242,4839.68,2
3243,4848.28,2
3244,4848.01,2
3245,4838.47,2
3246,4862.31,2
3247,4899.33,2
3248,4899.4,2
3249,4900.64,2
3250,4909.84,2
3251,4887.57,2
3252,4888.23,2
3253,4888.71,2
3254,4863.97,2
3255,4922.49,0
3256,4859.69,0
3257,4853.4,0
3258,4841.14,1
3259,4850.67,0
3260,4821.41,1
3261,4830.03,1
3262,4877.67,0
3263,4867.24,0
3264,4839.98,1
3265,4784.64,1
3266,4748.9,3
3267,4794.58,3
3268,4794.29,3
3269,4825.42,3
3270,4778.08,3
3271,4754.47,3
3272,4766.6,3
3273,4826.24,3
3274,4828.32,3
3275,4888.19,3
3276,4895.82,3
3277,4924.86,3
3278,4899.46,3
3279,4867.58,3
3280,4888.76,3
3281,4895.88,3
3282,4891.29,3
3283,4845.24,3
3284,4845.18,3
3285,4858.58,3
3286,4960.83,3
3287,4963.8,3
3288,4995.13,3
3289,4972.19,3
3290,4955,3
3291,4960.48,3
3292,4981.51,3
3293,4993.32,3
3294,4999.6,3
3295,4974.26,3
3296,4985.48,3
3297,5013.38,3
3298,5029.24,3
3299,5012.16,3
3300,5002.43,3
3301,4994.7,3
3302,5032.76,2
3303,5020.9,3
3304,5017.43,3
3305,5046.2,2
3306,5069.04,2
3307,5089.64,2
3308,5122.51,2
3309,5085.91,2
3310,5101.13,2
3311,5091.85,2
3312,5121.44,2
3313,5135.28,0
3314,5107.45,0
3315,5101.86,0
3316,5101.11,0
3317,5071.1,1
3318,4990.25,3
3319,5003.73,3
3320,5077.91,3
3321,5059.2,3
3322,5268.85,3
3323,5277.88,3
3324,5287.88,3
3325,5271.7,3
3326,5267.33,3
3327,5304.15,3
3328,5301,3
3329,5372.42,2
3330,5432.4,0
3331,5382.95,0
3332,5398.01,0
3333,5400.46,0
3334,5383.42,0
3335,5405.42,0
3336,5417.4,0
3337,5406.1,0
3338,5317.89,0
3339,5289.73,0
3340,5324.4,0
3341,5322.88,0
3342,5348.16,0
3343,5341.34,0
3344,5337.16,0
3345,5336.64,0
3346,5305.94,0
3347,5283.63,0
3348,5318.67,0
3349,5343.41,0
3350,5307.89,0
3351,5269.22,0
3352,5265.53,0
3353,5264.24,0
3354,5299.71,0
3355,5240.59,0
3356,5261.74,0
3357,5243.29,0
3358,5216.88,1
3359,5263.31,0
3360,5310.72,0
3361,5293.65,0
3362,5274.26,0
3363,5281.93,0
3364,5266.12,0
3365,5295.75,0
3366,5258.58,0
3367,5252.9,0
3368,5154.35,1
3369,5120.68,3
3370,5195.72,2
3371,5180.1,2
3372,5152.4,2
3373,5145.16,2
3374,5165.64,2
3375,5140.6,2
3376,5222.13,2
3377,5235.4,0
3378,5235.31,0
3379,5230.17,0
3380,5173.27,1
3381,5216.07,0
3382,5199.22,0
3383,5117.66,1
3384,5127.7,1
3385,5161.08,1
3386,5190.17,1
3387,5186.95,1
3388,5131.39,1
3389,5093.77,3
3390,5127.03,2
3391,5107.25,3
3392,5130.49,2
3393,5203.44,2
3394,5207.89,2
3395,5218.89,0
3396,5145.7,1
3397,5115.23,1
3398,5060.92,3
3399,5121.67,2
3400,5140.25,2
3401,5176.61,0
3402,5146.85,0
3403,5114.15,1
3404,5087.59,1
3405,5131.86,1
3406,5115.39,1
3407,5113.13,1
3408,5104.33,1
3409,5079.75,1
3410,5031.92,3
3411,5056.34,3
3412,5085.59,3
3413,5123.26,3
3414,5086.56,3
3415,5101.41,3
3416,5114.62,3
3417,5113.49,3
3418,5176.71,3
3419,5209.01,3
3420,5217.59,3
3421,5225.2,3
3422,5213.91,3
3423,5229.32,3
3424,5237.44,3
3425,5241.66,3
3426,5267.29,3
3427,5281.29,3
3428,5267.13,3
3429,5268.76,3
3430,5281.96,3
3431,5293.77,3
3432,5329.81,3
3433,5350.44,3
3434,5367.41,3
3435,5363.23,3
3436,5379.21,3
3437,5359.9,3
3438,5365.83,3
3439,5363.65,3
3440,5362.41,3
3441,5360.81,3
3442,5351.74,3
3443,5362.88,3
3444,5361.37,3
3445,5383.81,3
3446,5368.29,3
3447,5372.38,3
3448,5386.81,3
3449,5394.8,3
3450,5374.89,3
3451,5455.4,2
3452,5494.13,2
3453,5493.63,2
3454,5503.29,2
3455,5514.29,2
3456,5510.5,2
3457,5517.97,0
3458,5507.25,0
3459,5480.64,0
3460,5471.43,0
3461,5407.75,0
3462,5380.72,1
3463,5341.63,1
3464,5315.58,1
3465,5301.25,3
3466,5336.39,2
3467,5319.17,2
3468,5340.45,2
3469,5366.15,2
3470,5352.76,2
3471,5390.46,2
3472,5360.09,2
3473,5390.48,2
3474,5398.05,2
3475,5372.79,2
3476,5316.89,3
3477,5389.29,2
3478,5375.53,2
3479,5374.35,2
3480,5383.86,2
3481,5399.09,2
3482,5386.83,2
3483,5427.19,0
3484,5399.45,0
3485,5357.14,1
3486,5349.3,1
3487,5420.58,0
3488,5382.91,1
3489,5352.77,1
3490,5385.97,1
3491,5364.72,1
3492,5368.84,1
3493,5339.42,1
3494,5312.56,1
3495,5288.6,3
3496,5331.28,3
3497,5413.69,3
3498,5470.75,2
3499,5487.42,2
3500,5523.94,2
3501,5504.68,2
3502,5488.55,2
3503,5517.06,2
3504,5513.82,2
3505,5493.99,2
3506,5494.83,2
3507,5526.51,2
3508,5541.99,0
3509,5535.26,0
3510,5495.16,0
3511,5481.21,0
3512,5529.15,0
3513,5521.59,0
3514,5473.78,0
3515,5481.93,0
3516,5454.55,0
3517,5364.98,0
3518,5285.83,0
3519,5161.81,1
3520,5255.9,0
3521,5151.68,1
3522,5079.21,3
3523,5140.06,3
3524,5109.24,3
3525,5165.26,3
3526,5222.52,3
3527,5281.58,2
3528,5289.86,2
3529,5302.17,2
3530,5309.23,2
3531,5317.37,2
3532,5344.26,0
3533,5343.93,0
3534,5320.49,0
3535,5262.56,0
3536,5136.58,3
3537,5167.23,3
3538,5170.23,3
3539,5187.83,2
3540,5254.1,2
3541,5274.4,2
3542,5276.71,2
3543,5242.79,2
3544,5233.36,2
3545,5267.26,2
3546,5282.75,0
3547,5222.84,0
3548,5252.43,0
3549,5239.74,0
3550,5167.21,1
3551,5095.22,1
3552,5066.28,3
3553,5115.74,3
3554,5130.44,3
3555,5167.3,3
3556,5152.12,3
3557,5141.8,3
3558,5276.67,3
3559,5258.24,3
3560,5263.39,3
3561,5307.56,3
3562,5277.94,3
3563,5309.22,3
3564,5315.02,3
3565,5312.96,3
3566,5353.54,3
3567,5380.17,3
3568,5391.64,3
3569,5412.83,3
3570,5438.55,3
3571,5444.16,3
3572,5413.3,3
3573,5453.58,3
3574,5520.5,3
3575,5529.22,2
3576,5501.66,3
3577,5516.05,3
3578,5531.42,2
3579,5521.93,3
3580,5534.63,2
3581,5545.95,2
3582,5541.94,2
3583,5540.68,2
3584,5553.16,2
3585,5567.54,2
3586,5621.92,2
3587,5614.51,2
3588,5637.51,2
3589,5640.1,2
